繁體	简体	拼音	備注
資	资	tsi1	
姿	姿	tsi1	
諮	咨	tsi1	
之	之	tsi1	
芝	芝	tsi1	
茲	兹	tsi1	
滋	滋	tsi1	
雌	雌	tsi1	
疵	疵	tsi1	吹毛求～
梔	栀	tsi1	～子花
輜	辎	tsi1	〜重
肢	肢	tsi1	
紙	纸	tsi3	
此	此	tsi3	
姊	姊	tsi3	
旨	旨	tsi3	
指	指	tsi3	
脂	脂	tsi3	
紫	紫	tsi3	
齒	齿	tsi3	
趾	趾	tsi3	
梓	梓	tsi3	
止	止	tsi3	
址	址	tsi3	
子	子	tsi3	
恥	耻	tsi3	
耻	耻	tsi3	
滓	滓	tsi3	
只	只	tsi3	〜有
祇	只	tsi3	〜有
侈	侈	tsi3	奢〜
至	至	tsi4	
次	次	tsi4	
翅	翅	tsi4	
刺	刺	tsi4	
志	志	tsi4	
痣	痣	tsi4	
師	师	si1	
獅	狮	si1	
斯	斯	si1	
撕	撕	si1	
廝	厮	si1	
施	施	si1	
私	私	si1	
絲	丝	si1	
詩	诗	si1	
思	思	si1	
司	司	si1	
尸	尸	si1	
屍	尸	si1	
死	死	si3	
屎	屎	si3	
矢	矢	si3	
豕	豕	si3	
使	使	si3	
駛	驶	si3	
始	始	si3	
史	史	si3	
四	四	si4	
肆	肆	si4	
賜	赐	si4	
試	试	si4	
時	时	zi2	
鰣	鲥	zi2	
辭	辞	zi2	
飼	饲	zi2	
詞	词	zi2	
祠	祠	zi2	
嗣	嗣	zi2	
慈	慈	zi2	
磁	磁	zi2	〜石
餈	糍	zi2	〜巴
瓷	瓷	zi2	〜器
自	自	zi5	
示	示	zi5	
嗜	嗜	zi5	
是	是	zi5	
視	视	zi5	
氏	氏	zi5	
似	似	zi5	
伺	伺	zi5	
侍	侍	zi5	
恃	恃	zi5	
字	字	zi5	
市	市	zi5	
痔	痔	zi5	
寺	寺	zi5	
柿	柿	zi5	
士	士	zi5	
仕	仕	zi5	
俟	俟	zi5	
事	事	zi5	
豉	豉	zi5	豆〜
匙	匙	zi5	湯〜；鑰〜
牸	牸	zi5	牝牛
巳	巳	zi5	辰～
祀	祀	zi5	祭〜
悲	悲	pe1	
北	北	pe1	
百	百	pe1	
伯	伯	pe1	
陌	陌	pe1	〜生
檗	檗	pe1	黃〜，藥名
魄	魄	phe1	
迫	迫	phe1	
拍	拍	phe1	
勃	勃	be2	
物	物	be2	
白	白	be2	
帛	帛	be2	
末	末	me2	
抹	抹	me2	
沫	沫	me2	
墨	墨	me2	
默	默	me2	
脈	脉	me2	
脉	脉	me2	
麥	麦	me2	
沒	没	me2	沉〜；有〜
没	没	me2	沉〜；有〜
佛	佛	fe1	仿～
彿	佛	fe1	彷～
得	得	te2	
德	德	te2	
特	特	de2	
肋	肋	le2	
勒	勒	le2	
責	责	tse1	
窄	窄	tse1	
摘	摘	tse1	
則	则	tse1	
側	侧	tse1	
廁	厕	tse1	〜所
測	测	tshe1	
策	策	tshe1	
冊	册	tshe1	
㿭	㿭	tshe1	
拆	拆	tshe1	〜開
澀	涩	se1	
蝨	虱	se1	
虱	虱	se1	
瑟	瑟	se1	
寒	寒	se1	
色	色	se1	
嗇	啬	se1	吝〜
賊	贼	ze2	
澤	泽	ze2	
擇	择	ze2	選〜
宅	宅	ze2	
隔	隔	ke1	
格	格	ke1	
革	革	ke1	
胳	胳	ke1	〜臂
克	克	khe1	
客	客	khe1	
咳	咳	khe1	～嗽
刻	刻	khe1	雕〜；時～
扼	扼	nge1	
軛	轭	nge1	
額	额	nge2	
黑	黑	he1	
赫	赫	he1	
嚇	吓	he1	恐〜；～一跳
恆	恒	ghe2	
覈	核	ghe2	審～
核	核	ghe2	果子〜
兒	儿	e2	
而	而	e2	
爾	尔	e3	
耳	耳	e3	
餌	饵	e3	
八	八	pa1	
巴	巴	pa1	
症	症	pa1	
色	色	pa1	
爸	爸	pa1	
杷	杷	pa1	枇～
琶	琶	pa1	琵～
把	把	pa3	～握；～守；一～
霸	霸	pa4	
把	把	pa4	～柄
壩	坝	pa4	堤～
怕	怕	pha4	
帕	帕	pha4	
乏	乏	ba2	
拔	拔	ba2	
罰	罚	ba2	
襪	袜	ba2	
伐	伐	ba2	
筏	筏	ba2	
爬	爬	ba2	
鈀	钯	ba2	〜子
耙	耙	ba2	犁～；～地
劃	划	ba2	〜船
罷	罢	ba5	
麻	麻	ma2	
麻	麻	ma2	
抹	抹	ma2	〜布
馬	马	ma3	
碼	码	ma3	～子
媽	妈	ma5	
罵	骂	ma5	
泛	泛	fa4	
答	答	ta1	
搭	搭	ta1	
打	打	ta3	
他	他	tha1	
塌	塌	tha1	
榻	榻	tha1	
搨	搨	tha1	〜本
踏	踏	tha1	
獺	獭	tha1	水〜
溻	溻	tha1	汗～溼了
達	达	da2	
大	大	da5	～小；〜夫；～黃，藥名
拿	拿	na2	
納	纳	na2	
哪	哪	na3	～個？
那	那	na5	
拉	拉	la1	
捺	捺	la1	撇〜
蠟	蜡	la5	
臘	腊	la5	
辣	辣	la5	
瘌	瘌	la5	
鑞	镴	la5	錫〜
渣	渣	tsa1	
閘	闸	tsa1	
軋	轧	tsa1	
扎	扎	tsa1	用針〜
鍘	铡	tsa1	〜刀
扎	扎	tsa3	
眨	眨	tsa3	〜眼
乍	乍	tsa4	
詐	诈	tsa4	
榨	榨	tsa4	～油
炸	炸	tsa4	〜彈
柞	柞	tsa4	〜橡樹
插	插	tsha1	
察	察	tsha1	
擦	擦	tsha1	
差	差	tsha1	
參	参	tsha1	〜；〜別；〜不多
叉	叉	tsha4	
杈	杈	tsha4	枝〜
岔	岔	tsha4	三～路
沙	沙	sa1	
紗	纱	sa1	
杉	杉	sa1	
殺	杀	sa1	
薩	萨	sa1	
柵	栅	sa1	〜欄
莎	莎	sa1	〜草
傻	傻	sa3	
撒	撒	sa3	～手；〜種
炸	炸	za1	用油～
煠	炸	za1	用油～
雜	杂	za2	
茶	茶	za2	
查	查	za2	調〜；山〜
茬	茬	za2	麥〜；～搭
搽	搽	za5	
裌	裌	ka1	〜衣
恰	恰	kha1	
掐	掐	kha1	
波	波	po1	
菠	菠	po1	〜菜
玻	玻	po1	〜璃
潑	泼	po1	
鉢	钵	po1	
撥	拨	po1	
鈸	钹	po1	
博	博	po1	
駁	驳	po1	
剝	剥	po1	
跛	跛	po3	～足
簸	簸	po4	～一～；～箕
坡	坡	pho1	
泊	泊	pho1	梁山～
頗	颇	pho4	
破	破	pho4	
泊	泊	bo2	停～
縛	缚	bo2	
婆	婆	bo2	
薄	薄	bo2	～荷；單～
魔	魔	mo1	
摩	摩	mo1	
莫	莫	mo2	
摸	摸	mo2	
寞	寞	mo2	
膜	膜	mo2	
饃	馍	mo2	
蟆	蟆	mo2	蛤～
模	模	mo2	～範；〜子
磨	磨	mo2	〜刀
摹	摹	mo3	〜仿
磨	磨	mo5	〜面，石〜
多	多	to1	
朵	朵	to3	
躲	躲	to3	
垛	垛	to3	柴～
剁	剁	to4	
拖	拖	tho1	
脫	脱	tho1	
託	托	tho1	囑～
托	托	tho1	用手～起
妥	妥	tho3	
唾	唾	tho3	～液；～沫
橢	椭	tho3	〜圓
駝	驼	do1	
奪	夺	do1	
鐸	铎	do1	
馱	驮	do1	～起來；〜子
舵	舵	do2	
惰	惰	do2	
挪	挪	no2	
諾	诺	no2	
糯	糯	no5	～米
羅	罗	lo2	姓
囉	罗	lo2	〜唆
鑼	锣	lo2	
籮	箩	lo2	
螺	螺	lo2	
瘰	瘰	lo2	
騾	骡	lo2	
路	路	lo2	
烙	烙	lo2	
酪	酪	lo2	
絡	络	lo2	
洛	洛	lo2	
落	落	lo2	
樂	乐	lo2	快～
裹	裹	lo3	
卵	卵	lo3	
裸	裸	lo3	〜體
琢	琢	tso1	
琢	琢	tso1	
涿	涿	tso1	〜縣
卓	卓	tso1	
桌	桌	tso1	
綽	绰	tso1	寬〜
捉	捉	tso1	
作	作	tso1	～坊；工～
左	左	tso3	
佐	佐	tso3	
做	做	tso4	
搓	搓	tsho1	
戳	戳	tsho1	
撮	撮	tsho1	
錯	错	tsho4	～誤；～雜
銼	锉	tsho4	
莝	莝	tsho4	～草
朔	朔	so1	
蓑	蓑	so1	
索	索	so1	繩〜
唆	唆	so1	
梭	梭	so1	織布～
率	率	so1	～領
蟀	蟀	so1	
所	所	so3	
鎖	锁	so3	
瑣	琐	so3	〜碎
昨	昨	zo2	
鑿	凿	zo2	
濁	浊	zo2	
鐲	镯	zo2	〜子
坐	坐	zo5	
座	座	zo5	
矬	矬	zo5	
歌	歌	ko1	
鍋	锅	ko1	
戈	戈	ko1	
割	割	ko1	
葛	葛	ko1	
各	各	ko1	
閣	阁	ko1	
擱	搁	ko1	
郭	郭	ko1	
廓	廓	ko1	
合	合	ko1	十〜一升
蛤	蛤	ko1	～蜊
鴿	鸽	ko1	
虢	虢	ko1	虞～
果	果	ko3	
餜	馃	ko3	
過	过	ko4	
個	个	ko4	～人，一～
科	科	kho1	
殼	壳	kho1	
礙	礙	kho1	
渴	渴	kho1	
闊	阔	kho1	
郝	郝	kho1	
姓	姓	kho1	
擴	扩	kho1	～充
可	可	kho3	
顆	颗	kho3	一～珠
課	课	kho4	
鵝	鹅	ngo2	
蛾	蛾	ngo2	
俄	俄	ngo2	
訛	讹	ngo2	
鄂	鄂	ngo2	
我	我	ngo3	
餓	饿	ngo5	
臥	卧	ngo5	
窠	窠	ho1	
棵	棵	ho1	
喝	喝	ho1	～酒；吆〜
蠚	蠚	ho1	蜂〜人
霍	霍	ho1	
藿	藿	ho1	〜香
鶴	鹤	ho1	
火	火	ho3	
夥	伙	ho3	
貨	货	ho4	
禾	禾	gho2	
和	和	gho2	〜氣
何	何	gho2	
河	河	gho2	
荷	荷	gho2	～花；薄～；負～；～槍
合	合	gho2	
盒	盒	gho2	煙〜
和	和	gho5	～面
禍	祸	gho5	
賀	贺	gho5	
杯	杯	pei1	
卑	卑	pei1	
碑	碑	pei1	
貝	贝	pei2	
輩	辈	pei2	
背	背	pei2	〜上；～誦
胚	胚	phei1	〜胎
坯	坯	phei1	土〜
配	配	phei4	
佩	佩	phei4	
轡	辔	phei4	
陪	陪	bei2	
賠	赔	bei2	
培	培	bei2	
裴	裴	bei2	
倍	倍	bei5	
焙	焙	bei5	～乾
鐾	鐾	bei5	〜刀布
梅	梅	mei2	
黴	霉	mei2	
煤	煤	mei2	
媒	媒	mei2	
枚	枚	mei2	
每	每	mei3	
美	美	mei3	
昧	昧	mei5	
妹	妹	mei5	
寐	寐	mei5	
痱	痱	fei1	〜子
妃	妃	fei4	
毀	毁	fei4	
麾	麾	fei4	
腿	腿	thei3	
褪	褪	thei4	把袖套〜下來
雷	雷	lei2	
屢	屡	lei3	
壘	垒	lei3	
儡	儡	lei3	傀〜
累	累	lei3	連〜
纍	累	lei3	連〜
內	内	lei5	
類	类	lei5	
淚	泪	lei5	
累	累	lei5	極睏
芮	芮	lei5	姓
擺	摆	pai3	
拜	拜	pai4	
派	派	phai4	
牌	牌	bai2	
排	排	bai2	〜隊
敗	败	bai5	
稗	稗	bai5	
埋	埋	mai2	
買	买	mai3	
賣	卖	mai5	
邁	迈	mai5	
呆	呆	tai1	
戴	戴	tai4	
帶	带	tai4	
台	台	thai1	天～；～州
胎	胎	thai1	
太	太	thai4	
態	态	thai4	
泰	泰	thai4	
臺	台	dai2	平〜
擡	抬	dai2	
苔	苔	dai2	青〜；舌〜
怠	怠	dai5	
殆	殆	dai5	
代	代	dai5	
貸	贷	dai5	
袋	袋	dai5	
待	待	dai5	
乃	乃	nai1	
奶	奶	nai1	
耐	耐	nai5	
奈	奈	nai5	
礙	碍	nai5	
來	来	lai2	
賴	赖	lai5	
癩	癞	lai5	
災	灾	tsai1	
齋	斋	tsai1	
栽	栽	tsai1	
宰	宰	tsai3	
再	再	tsai4	
債	债	tsai4	
載	载	tsai4	～重；三年兩〜；滿〜
猜	猜	tshai1	
釵	钗	tshai1	
差	差	tshai1	出〜
採	采	tshai3	
睬	睬	tshai3	
彩	彩	tshai3	
蔡	蔡	tshai4	
菜	菜	tshai4	
腮	腮	sai1	
鰓	鳃	sai1	
篩	筛	sai1	〜子
賽	赛	sai4	
曬	晒	sai4	
裁	裁	zai2	
柴	柴	zai2	
材	材	zai2	
財	财	zai2	
犲	犲	zai2	
纔	才	zai2	剛〜
才	才	zai2	～能
在	在	zai5	
寨	寨	zai5	
該	该	kai1	
街	街	kai1	
皆	皆	kai1	
階	阶	kai1	
秸	秸	kai1	麥〜
改	改	kai3	
解	解	kai3	講～；〜開
屆	届	kai4	
戒	戒	kai4	
蓋	盖	kai4	
界	界	kai4	
介	介	kai4	
疥	疥	kai4	
芥	芥	kai4	
尬	尬	kai4	尷～
丐	丐	kai4	乞～
械	械	kai5	
開	开	khai1	
楷	楷	khai3	
凱	凯	khai3	
溉	溉	khai4	
概	概	khai4	
揩	揩	khai4	
慨	慨	khai4	感～；慷〜
哀	哀	ngai1	
挨	挨	ngai1	
呆	呆	ngai2	
碨	碨	ngai2	磨，研
矮	矮	ngai3	
藹	蔼	ngai3	和～
隘	隘	ngai5	
愛	爱	ngai5	
艾	艾	ngai5	
海	海	hai3	
蟹	蟹	hai3	
駭	骇	hai3	驚～
懈	懈	hai5	
鞋	鞋	ghai2	
諧	谐	ghai2	
孩	孩	ghai2	
還	还	ghai2	～有
害	害	ghai5	
亥	亥	ghai5	
二	二	ai5	
貳	贰	ai5	～心
包	包	pao1	
胞	胞	pao1	
鮑	鲍	pao1	姓；〜魚
狍	狍	pao1	～子
飽	饱	pao3	
寶	宝	pao3	
保	保	pao3	
堡	堡	pao3	
褒	褒	pao3	〜獎
報	报	pao4	
豹	豹	pao4	
拋	抛	phao1	
泡	泡	phao1	
跑	跑	phao3	
爆	爆	phao4	
雹	雹	phao4	
炮	炮	phao4	槍〜
泡	泡	phao4	浸〜
袍	袍	bao2	
暴	暴	bao5	
抱	抱	bao5	
鉋	鉋	bao5	
刨	刨	bao5	～地
菢	菢	bao5	～小雞
貓	猫	mao1	
茅	茅	mao2	
錨	锚	mao2	
毛	毛	mao2	
矛	矛	mao2	
卯	卯	mao3	
貌	貌	mao5	
冒	冒	mao5	
帽	帽	mao5	
刀	刀	tao1	
島	岛	tao3	
禱	祷	tao3	
倒	倒	tao3	〜水；打〜
到	到	tao4	
滔	滔	thao1	
叨	叨	thao1	嘮～
討	讨	thao3	
套	套	thao4	
濤	涛	dao2	
萄	萄	dao2	
陶	陶	dao2	
淘	淘	dao2	～米
掏	掏	dao2	～出來
逃	逃	dao2	
桃	桃	dao2	
導	导	dao5	
盜	盗	dao5	
稻	稻	dao5	
道	道	dao5	
撓	挠	nao2	
鐃	铙	nao2	
腦	脑	nao3	
惱	恼	nao3	
鬧	闹	nao5	
牢	牢	lao2	
勞	劳	lao2	
撈	捞	lao2	
嘮	唠	lao2	
澇	涝	lao2	旱〜
老	老	lao3	
糟	糟	tsao1	
遭	遭	tsao1	
找	找	tsao3	
棗	枣	tsao3	
早	早	tsao3	
澡	澡	tsao3	
蚤	蚤	tsao3	
沼	沼	tsao3	〜氣
爪	爪	tsao3	〜牙
笊	笊	tsao3	～籬
罩	罩	tsao4	
竈	灶	tsao4	
超	超	tshao1	
操	操	tshao1	〜作；～演
抄	抄	tshao1	〜寫
鈔	钞	tshao1	錢〜
草	草	tshao3	
炒	炒	tshao3	
吵	吵	tshao3	
躁	躁	tshao4	
造	造	tshao4	建～
糙	糙	tshao4	～米
騷	骚	sao1	
臊	臊	sao1	〜氣
捎	捎	sao1	～帶
鞘	鞘	sao1	刀～
梢	梢	sao1	樹～
嫂	嫂	sao3	
稍	稍	sao3	
掃	扫	sao3	～地
掃	扫	sao4	～帚
潲	潲	sao4	豬～
巢	巢	zao2	
曹	曹	zao2	
槽	槽	zao2	
皁	皂	zao5	
羔	羔	kao1	
糕	糕	kao1	
高	高	kao1	
膏	膏	kao1	
篙	篙	kao1	進船竿
稿	稿	kao3	
搞	搞	kao3	
犒	犒	kao3	
告	告	kao4	
窖	窖	kao4	
覺	觉	kao4	睡～
敲	敲	khao1	
考	考	khao3	
烤	烤	khao3	
靠	靠	khao4	
熬	熬	ngao2	
咬	咬	ngao3	
襖	袄	ngao5	
傲	傲	ngao5	
奧	奥	ngao5	
坳	坳	ngao5	
懊	懊	ngao5	～悔；〜惱
蒿	蒿	hao1	蓬～
薅	薅	hao1	除田草
好	好	hao3	～壞
孝	孝	hao4	
耗	耗	hao4	
好	好	hao4	喜～
毫	毫	ghao2	
豪	豪	ghao2	
壕	壕	ghao2	
號	号	ghao2	呼～
浩	浩	ghao5	
號	号	ghao5	～數
剖	剖	phou3	
浮	浮	bou2	
謀	谋	mou2	
牡	牡	mou3	
畝	亩	mou3	
某	某	mou3	
茂	茂	mou5	
貿	贸	mou5	
否	否	fou3	
斗	斗	tou3	
抖	抖	tou3	
陡	陡	tou3	
鬥	斗	tou4	〜爭
偷	偷	thou1	
透	透	thou4	
投	投	dou2	
頭	头	dou2	
逗	逗	dou5	
豆	豆	dou5	
樓	楼	lou2	
縷	缕	lou3	絲〜
簍	篓	lou3	
摟	搂	lou3	抱；〜取
耬	耧	lou3	
陋	陋	lou5	
漏	漏	lou5	
鄒	邹	tsou1	
走	走	tsou3	
奏	奏	tsou4	
縐	绉	tsou4	
皺	皱	tsou4	
湊	凑	tshou4	
收	收	sou1	
搜	搜	sou1	
颼	飕	sou1	
饋	馈	sou1	
叟	叟	sou3	
首	首	sou3	
守	守	sou3	
手	手	sou3	
獸	兽	sou4	
瘦	瘦	sou4	
嗽	嗽	sou4	咳〜
愁	愁	zou1	
驟	骤	zou5	
勾	勾	kou1	
鉤	钩	kou1	
溝	沟	kou1	
苟	苟	kou3	
狗	狗	kou3	
構	构	kou4	
購	购	kou4	
夠	够	kou4	
摳	抠	khou1	
瞘	眍	khou1	眼～
口	口	khou3	
寇	寇	khou4	
扣	扣	khou4	～住
叩	叩	khou4	〜頭
歐	欧	ngou1	
甌	瓯	ngou1	
毆	殴	ngou1	
藕	藕	ngou3	
偶	偶	ngou3	配〜
偶	偶	ngou3	～然
嘔	呕	ngou3	～吐
漚	沤	ngou4	久浸水中
慪	怄	ngou4	～氣
吼	吼	hou3	
負	负	hou5	
阜	阜	hou5	
婦	妇	hou5	
喉	喉	ghou2	
猴	猴	ghou2	
侯	侯	ghou2	
厚	厚	ghou5	
候	候	ghou5	
后	后	ghou5	皇～
後	后	ghou5	～來
班	班	pang1	
斑	斑	pang1	
頒	颁	pang1	
般	般	pang1	
搬	搬	pang1	
邦	邦	pang1	
幫	帮	pang1	
扳	扳	pang1	～手
浜	浜	pang1	一條〜
板	板	pang3	
版	版	pang3	
榜	榜	pang3	
鎊	镑	pang3	
綁	绑	pang3	
扮	扮	pang4	
半	半	pang4	
絆	绊	pang4	
攀	攀	phang1	
潘	潘	phang1	
盼	盼	phang4	
判	判	phang4	
叛	叛	phang4	
胖	胖	phang4	
拚	拚	phang4	〜命
襻	襻	phang4	紐～
凡	凡	bang2	
帆	帆	bang2	
盤	盘	bang2	
繁	繁	bang2	
磯	矶	bang2	
煩	烦	bang2	
龐	庞	bang2	
亡	亡	bang2	
忘	忘	bang2	
房	房	bang2	
防	防	bang2	
旁	旁	bang2	
螃	螃	bang2	
傍	傍	bang2	
滂	滂	bang2	〜沱
犯	犯	bang5	
範	范	bang5	
辦	办	bang5	
瓣	瓣	bang5	
拌	拌	bang5	
伴	伴	bang5	
蚌	蚌	bang5	
望	望	bang5	
棒	棒	bang5	
蠻	蛮	mang2	
瞞	瞒	mang2	
茫	茫	mang2	
芒	芒	mang2	
忙	忙	mang2	
盲	盲	mang2	
虻	虻	mang2	牛〜
滿	满	mang3	
莽	莽	mang3	
蟒	蟒	mang3	
妄	妄	mang5	
慢	慢	mang5	
幔	幔	mang5	
漫	漫	mang5	
饅	馒	mang5	〜頭
蔓	蔓	mang5	瓜～子
番	番	fang1	
翻	翻	fang1	
藩	藩	fang1	
販	贩	fang5	
耽	耽	tang1	
單	单	tang1	
姓	姓	tang1	
當	当	tang1	〜時，應～
單	单	tang1	〜獨
丹	丹	tang1	
坍	坍	tang1	～下來
膽	胆	tang3	
誕	诞	tang3	
黨	党	tang3	
撣	掸	tang3	雞毛～子
擋	挡	tang3	阻～
宕	宕	tang3	延～
擔	担	tang4	
挑	挑	tang4	
任	任	tang4	
但	但	tang4	
旦	旦	tang4	
當	当	tang4	～作；典～
貪	贪	thang1	
灘	滩	thang1	
攤	摊	thang1	
湯	汤	thang1	
毯	毯	thang3	
坦	坦	thang3	
躺	躺	thang3	
趟	趟	thang3	一〜
倘	倘	thang3	～使
炭	炭	thang4	
嘆	叹	thang4	
燙	烫	thang4	
探	探	thang4	試～；偵～
痰	痰	dang1	
談	谈	dang1	
潭	潭	dang1	
譚	谭	dang1	
檀	檀	dang1	
彈	弹	dang1	〜琴
壇	坛	dang1	
棠	棠	dang1	
堂	堂	dang1	
螳	螳	dang1	〜螂
唐	唐	dang1	
塘	塘	dang1	
糖	糖	dang1	
淡	淡	dang4	
蛋	蛋	dang4	
彈	弹	dang4	子〜
蕩	荡	dang4	放〜
囊	囊	nang1	
男	男	nang2	
南	南	nang2	
難	难	nang2	～易
難	难	nang5	患〜
籃	篮	lang1	
藍	蓝	lang1	
蘭	兰	lang1	
欄	栏	lang1	
攔	拦	lang1	
蜋	蜋	lang1	
狼	狼	lang1	
郎	郎	lang1	
廊	廊	lang1	
覽	览	lang3	
攬	揽	lang3	
欖	榄	lang3	橄〜
懶	懒	lang3	
朗	朗	lang3	
纜	缆	lang5	
濫	滥	lang5	
爛	烂	lang5	
浪	浪	lang5	
簪	簪	tsang1	
贓	赃	tsang1	
髒	脏	tsang1	不乾淨
斬	斩	tsang3	
蓋	盖	tsang3	
攢	攒	tsang3	積～
贊	赞	tsang4	
灒	灒	tsang4	濺
葬	葬	tsang4	
綻	绽	tsang4	破～
站	站	tsang4	～立
蘸	蘸	tsang4	～醬油
摻	掺	tshang1	
參	参	tshang1	〜加；～差
岑	岑	tshang1	
餐	餐	tshang1	
倉	仓	tshang1	
蒼	苍	tshang1	
鏟	铲	tshang3	
慘	惨	tshang4	
燦	灿	tshang4	
三	三	sang1	
衫	衫	sang1	
珊	珊	sang1	
刪	删	sang1	
山	山	sang1	
桑	桑	sang1	
傘	伞	sang1	
產	产	sang1	
嗓	嗓	sang1	
散	散	sang1	分～
喪	丧	sang4	～失；～事
讒	谗	zang2	
饞	馋	zang2	
慚	惭	zang2	
蠶	蚕	zang2	
殘	残	zang2	
藏	藏	zang2	西～；隱〜
站	站	zang5	車〜
棧	栈	zang5	
髒	脏	zang5	心〜
暫	暂	zang5	
鏨	錾	zang5	〜花
甘	甘	kang1	
柑	柑	kang1	
泔	泔	kang1	～水
乾	干	kang1	～溼
艱	艰	kang1	
奸	奸	kang1	
姦	奸	kang1	
肝	肝	kang1	
竿	竿	kang1	竹〜
間	间	kang1	空〜；中〜
岡	冈	kang1	
鋼	钢	kang1	〜材
崗	岗	kang1	
剛	刚	kang1	
缸	缸	kang1	
敢	敢	kang3	
橄	橄	kang3	〜欖
感	感	kang3	
減	减	kang3	
澗	涧	kang3	
趕	赶	kang3	
擀	擀	kang3	〜面
杆	杆	kang3	
稈	秆	kang3	稻〜
港	港	kang3	〜口
講	讲	kang3	
艦	舰	kang4	
諫	谏	kang4	
槓	杠	kang4	
監	监	kang4	國子～；～察；～視；～牢
鑑	鉴	kang4	通～
間	间	kang4	～斷；～或
幹	干	kang4	〜部
鋼	钢	kang4	刀鈍了，～～
虹	虹	kang4	天上的〜
堪	堪	khang1	
嵌	嵌	khang1	
坎	坎	khang1	
龕	龛	khang1	
刊	刊	khang1	
康	康	khang1	
糠	糠	khang1	
勘	勘	khang1	〜誤；〜探
骯	肮	khang1	〜髒
砍	砍	khang3	
慷	慷	khang3	～慨
炕	炕	khang4	
抗	抗	khang4	
看	看	khang4	～見；～守
庵	庵	ngang1	
安	安	ngang1	
鞍	鞍	ngang1	
巖	岩	ngang2	
昂	昂	ngang2	
顏	颜	ngang2	～色
眼	眼	ngang3	
暗	暗	ngang4	
按	按	ngang5	
案	案	ngang5	
岸	岸	ngang5	
雁	雁	ngang5	
晏	晏	ngang5	晚
酣	酣	hang1	
鼾	鼾	hang1	打〜
夯	夯	hang1	打～
喊	喊	hang3	
撼	撼	hang3	
憾	憾	hang3	
罕	罕	hang3	
憨	憨	hang3	癡
漢	汉	hang4	
函	函	ghang2	
含	含	ghang2	
銜	衔	ghang2	
閒	闲	ghang2	
韓	韩	ghang2	
寒	寒	ghang2	
杭	杭	ghang2	
航	航	ghang2	
鹹	咸	ghang2	～淡
咸	咸	ghang2	～陽
行	行	ghang2	～列；銀～
餡	馅	ghang5	
陷	陷	ghang5	
限	限	ghang5	
旱	旱	ghang5	
莧	苋	ghang5	～菜
翰	翰	ghang5	
巷	巷	ghang5	
項	项	ghang5	
焊	焊	ghang5	〜接
崩	崩	pen1	
奔	奔	pen1	
錛	锛	pen1	
本	本	pen3	
笨	笨	pen4	
迸	迸	pen4	〜裂
烹	烹	phen1	
噴	喷	phen4	〜香，〜嚏
盆	盆	ben1	
焚	焚	ben1	
聞	闻	ben1	
文	文	ben1	
紋	纹	ben1	
墳	坟	ben1	
蚊	蚊	ben1	
問	问	ben5	
份	份	ben5	一〜兩〜
璺	璺	ben5	裂〜
門	门	men2	
悶	闷	men5	
噴	喷	fen1	〜水
登	登	ten1	
燈	灯	ten1	
蹲	蹲	ten1	
敦	敦	ten1	〜厚
等	等	ten3	
墩	墩	ten3	
頓	顿	ten4	
飩	饨	ten4	
凳	凳	ten4	
瞪	瞪	ten4	〜眼
鐙	镫	ten4	鞍〜
吞	吞	then1	
臀	臀	den1	
屯	屯	den1	
豚	豚	den1	
飩	饨	den1	餛〜
騰	腾	den1	
藤	藤	den1	
譽	誉	den1	
疼	疼	den1	
鄧	邓	den5	
盾	盾	den5	矛〜
遁	遁	den5	
囤	囤	den5	
沌	沌	den5	
鈍	钝	den5	
能	能	nen2	
倫	伦	nen2	
輪	轮	nen2	
淪	沦	nen2	
侖	仑	nen2	昆～
崙	仑	nen2	崑～
論	论	nen5	〜語；議～
嫩	嫩	nen5	
楞	楞	len2	
冷	冷	len3	
臻	臻	tsen1	
撙	撙	tsen1	
尊	尊	tsen1	
遵	遵	tsen1	
爭	争	tsen1	
睜	睁	tsen1	
箏	筝	tsen1	
曾	曾	tsen1	姓
增	增	tsen1	
蹭	蹭	tsen1	磨～
俊	俊	tsen4	
浚	浚	tsen4	～河
春	春	tshen1	
村	村	tshen1	
撐	撑	tshen1	
皴	皴	tshen1	〜臉
忖	忖	tshen3	
寸	寸	tshen4	
襯	衬	tshen4	
牚	牚	tshen4	椅子〜兒
生	生	sen1	
牲	牲	sen1	
笙	笙	sen1	
甥	甥	sen1	
孫	孙	sen1	
僧	僧	sen1	
森	森	sen1	
參	参	sen1	人〜
蔘	参	sen1	人〜
損	损	sen3	
省	省	sen3	～長；反〜；節～
遜	逊	sen4	
殉	殉	sen4	
舜	舜	sen4	
滲	渗	sen4	～水；～透
榛	榛	zen1	
存	存	zen1	
循	循	zen1	
荀	荀	zen1	
筍	笋	zen3	
榫	榫	zen3	〜頭
憎	憎	zen5	
贈	赠	zen5	
根	根	ken1	
跟	跟	ken1	
羹	羹	ken1	
庚	庚	ken1	
耕	耕	ken1	
粳	粳	ken1	〜米
耿	耿	ken1	
梗	梗	ken1	
埂	埂	ken1	田〜
哽	哽	ken1	骨～在喉
更	更	ken4	〜加，〜換；五〜
坑	坑	khen1	
肯	肯	khen3	
懇	恳	khen3	
墾	垦	khen3	
啃	啃	khen3	老鼠〜
恩	恩	ngen1	
硬	硬	ngen5	
亨	亨	hen1	
很	很	hen3	
痕	痕	ghen1	
衡	衡	ghen1	
恨	恨	ghen4	
杏	杏	ghen4	
捧	捧	phong3	
朋	朋	bong2	
棚	棚	bong2	
馮	冯	bong2	
彭	彭	bong2	
膨	膨	bong2	〜脹
篷	篷	bong2	
蓬	蓬	bong2	
逢	逢	bong2	
縫	缝	bong2	〜衣服
鳳	凤	bong5	
奉	奉	bong5	
俸	俸	bong5	
縫	缝	bong5	一條～
萌	萌	mong2	
蒙	蒙	mong2	
猛	猛	mong3	
懵	懵	mong3	〜懂
蠓	蠓	mong3	〜蟲
孟	孟	mong5	
夢	梦	mong5	
東	东	tong1	
冬	冬	tong1	
董	董	tong3	
懂	懂	tong3	
凍	冻	tong4	
棟	栋	tong4	
通	通	thong1	
統	统	thong3	
桶	桶	thong3	
捅	捅	thong3	〜破了
痛	痛	thong4	
童	童	dong2	
瞳	瞳	dong2	
同	同	dong2	
桐	桐	dong2	
銅	铜	dong2	
筒	筒	dong2	
洞	洞	dong5	
動	动	dong5	
農	农	nong2	
濃	浓	nong2	
膿	脓	nong2	
聾	聋	long1	
龍	龙	long2	
籠	笼	long2	
隆	隆	long2	
攏	拢	long3	
壠	垅	long3	
壟	垄	long3	
弄	弄	long5	
鍾	钟	tsong1	
鐘	钟	tsong1	
中	中	tsong1	當〜
忠	忠	tsong1	
盅	盅	tsong1	
終	终	tsong1	
宗	宗	tsong1	
鬃	鬃	tsong1	豬～，馬〜
棕	棕	tsong1	
綜	综	tsong1	織布機上的〜
總	总	tsong3	
冢	冢	tsong3	
腫	肿	tsong3	
種	种	tsong3	～類
中	中	tsong4	射〜
種	种	tsong4	〜樹
衆	众	tsong4	
眾	众	tsong4	
縱	纵	tsong4	放〜；〜橫
糉	粽	tsong4	
粽	粽	tsong4	
蹤	踪	tsong4	〜跡
充	充	tshong1	
衝	冲	tshong1	
沖	冲	tshong1	
聰	聪	tshong1	
匆	匆	tshong1	
蔥	葱	tshong1	
舂	舂	tshong1	〜米
囪	囱	tshong1	煙〜
樁	桩	tshong1	
寵	宠	tshong3	
銃	铳	tshong4	放〜
鬆	松	song1	
嵩	嵩	song1	
慫	怂	song3	～恿
送	送	song4	
宋	宋	song4	
蟲	虫	zong1	
崇	崇	zong1	
叢	丛	zong1	
從	从	zong1	～容；跟～
重	重	zong1	〜複
仲	仲	zong4	
誦	诵	zong4	
頌	颂	zong4	
訟	讼	zong4	
重	重	zong4	輕～
公	公	kong1	
蚣	蚣	kong1	蜈～
工	工	kong1	
功	功	kong1	
攻	攻	kong1	～擊
弓	弓	kong1	
躬	躬	kong1	
宮	宫	kong1	
恭	恭	kong1	
汞	汞	kong3	
鞏	巩	kong3	〜固
拱	拱	kong3	〜手
貢	贡	kong4	
共	共	kong4	
供	供	kong4	〜養；上〜；〜給；〜不起
空	空	khong1	〜虛
恐	恐	khong3	
孔	孔	khong3	
空	空	khong4	〜缺
控	控	khong4	
轟	轰	hong1	
風	风	hong1	
瘋	疯	hong1	
楓	枫	hong1	
封	封	hong1	
蜂	蜂	hong1	
鋒	锋	hong1	
峯	峰	hong1	
峰	峰	hong1	
哄	哄	hong1	～出去
烘	烘	hong1	〜幹
豐	丰	hong1	
丰	丰	hong1	
哄	哄	hong3	〜騙
諷	讽	hong4	
弘	弘	ghong2	
宏	宏	ghong2	
洪	洪	ghong2	
紅	红	ghong2	
虹	虹	ghong2	
鴻	鸿	ghong2	
翁	翁	ong1	
甕	瓮	ong4	
姆	姆	m1	〜媽
嗯	嗯	ng1	
臂	臂	pi1	
壁	壁	pi1	
璧	璧	pi1	〜玉
筆	笔	pi1	
必	必	pi1	
畢	毕	pi1	
彼	彼	pi3	
比	比	pi3	～較
秕	秕	pi3	～穀
幣	币	pi4	
蔽	蔽	pi4	
閉	闭	pi4	
敝	敝	pi4	
弊	弊	pi4	
祕	秘	pi4	
秘	秘	pi4	
泌	泌	pi4	
斃	毙	pi4	
痹	痹	pi4	麻〜
箅	箅	pi4	〜子
批	批	phi1	
披	披	phi1	
弼	弼	phi1	
闢	辟	phi1	
辟	辟	phi1	
僻	僻	phi1	
劈	劈	phi1	
匹	匹	phi1	布～；馬〜
鄙	鄙	phi3	
屁	屁	phi4	
庇	庇	phi4	
譬	譬	phi4	～喻
俾	俾	bi1	
脾	脾	bi1	
婢	婢	bi1	
皮	皮	bi1	
疲	疲	bi1	
枇	枇	bi1	〜杷
琵	琵	bi1	〜琶
鼻	鼻	bi1	
惟	惟	bi1	
維	维	bi1	
微	微	bi1	
唯	唯	bi1	
肥	肥	bi1	
避	避	bi5	
未	未	bi5	
味	味	bi5	
備	备	bi5	
蓖	蓖	bi5	
被	被	bi5	～子；〜邊
迷	迷	mi2	
彌	弥	mi2	
眉	眉	mi2	
楣	楣	mi2	
媚	媚	mi2	
蜜	蜜	mi2	
密	密	mi2	
米	米	mi3	
覓	觅	mi5	
迷	迷	mi5	
低	低	ti1	
嫡	嫡	ti1	
敵	敌	ti1	
的	的	ti1	目～
底	底	ti3	
抵	抵	ti3	
帝	帝	ti4	
滴	滴	ti4	
梯	梯	thi1	
踢	踢	thi1	
體	体	thi3	
替	替	thi4	
剔	剔	thi4	
剃	剃	thi4	
涕	涕	thi4	鼻〜
屜	屉	thi4	抽〜
堤	堤	di1	
題	题	di1	
啼	啼	di1	
蹄	蹄	di1	
提	提	di1	
糴	籴	di1	
笛	笛	di1	
狄	狄	di1	
第	第	di5	
弟	弟	di5	
遞	递	di5	
隸	隶	di5	
地	地	di5	
尼	尼	ni1	
泥	泥	ni1	
倪	倪	ni1	
膩	腻	ni1	
宜	宜	ni1	
誼	谊	ni1	
疑	疑	ni1	
凝	凝	ni1	
匿	匿	ni1	
沂	沂	ni1	〜河
逆	逆	ni1	順〜風
溺	溺	ni1	〜死
擬	拟	ni3	
你	你	ni3	
犁	犁	li1	
黎	黎	li1	
梨	梨	li1	
離	离	li1	〜別；〜開半寸
籬	篱	li1	
璃	璃	li1	
釐	厘	li1	
立	立	li1	
粒	粒	li1	
笠	笠	li1	
栗	栗	li1	
慄	栗	li1	
力	力	li1	
歷	历	li1	〜史
曆	历	li1	日～
禮	礼	li3	
履	履	li3	
李	李	li3	
裏	里	li3	
鯉	鲤	li3	
理	理	li3	
狸	狸	li3	
麗	丽	li4	
厲	厉	li4	
勵	励	li4	
例	例	li4	
利	利	li4	
痢	痢	li4	
吏	吏	li4	
荔	荔	li4	〜枝
吉	吉	ci1	
髻	髻	ci1	
雞	鸡	ci1	
鷄	鸡	ci1	
鶏	鸡	ci1	
鳮	鸡	ci1	
臍	脐	ci1	
濟	济	ci1	
薺	荠	ci1	
知	知	ci1	
蜘	蜘	ci1	～蛛
肌	肌	ci1	
機	机	ci1	
譏	讥	ci1	
飢	饥	ci1	
饑	饥	ci1	
稽	稽	ci1	
基	基	ci1	
急	急	ci1	
汁	汁	ci1	
蟄	蛰	ci1	驚〜
執	执	ci1	
級	级	ci1	
吸	吸	ci1	
給	给	ci1	〜你
輯	辑	ci1	編〜
質	质	ci1	
乞	乞	ci1	
訖	讫	ci1	
即	即	ci1	
鯽	鲫	ci1	
隻	只	ci1	
織	织	ci1	
職	职	ci1	
積	积	ci1	
戟	戟	ci1	
脊	脊	ci1	
迹	迹	ci1	
跡	迹	ci1	
蹟	迹	ci1	
績	绩	ci1	
擲	掷	ci1	
擊	击	ci1	
激	激	ci1	
擠	挤	ci3	
己	己	ci3	
幾	几	ci3	〜個；〜乎
几	几	ci3	茶〜
際	际	ci4	
計	计	ci4	
記	记	ci4	
祭	祭	ci4	
繼	继	ci4	
寄	寄	ci4	
致	致	ci4	
智	智	ci4	
既	既	ci4	
置	置	ci4	
季	季	ci4	
劑	剂	ci4	一〜藥
制	制	ci4	〜度；～造
紀	纪	ci4	〜律；年～；世～
奚	奚	chi1	
溪	溪	chi1	
癡	痴	chi1	
欺	欺	chi1	
膝	膝	chi1	
漆	漆	chi1	
秩	秩	chi1	
七	七	chi1	
飭	饬	chi1	
斥	斥	chi1	
赤	赤	chi1	
戚	戚	chi1	
吃	吃	chi1	
喫	吃	chi1	
尺	尺	chi1	
妻	妻	chi1	
棲	栖	chi1	
眵	眵	chi1	眼～
嗤	嗤	chi1	～笑
砌	砌	chi4	
氣	气	chi4	
汽	汽	chi4	
器	器	chi4	
契	契	chi4	〜約
西	西	shi1	
犧	牺	shi1	
兮	兮	shi1	
犀	犀	shi1	
攜	携	shi1	
熙	熙	shi1	
希	希	shi1	
稀	稀	shi1	
泣	泣	shi1	
習	习	shi1	
溼	湿	shi1	
濕	湿	shi1	
襲	袭	shi1	
室	室	shi1	
失	失	shi1	
悉	悉	shi1	
實	实	shi1	
恤	恤	shi1	
息	息	shi1	
熄	熄	shi1	
媳	媳	shi1	
惜	惜	shi1	
識	识	shi1	
飾	饰	shi1	
食	食	shi1	
昔	昔	shi1	
蝕	蚀	shi1	
式	式	shi1	
釋	释	shi1	
析	析	shi1	
錫	锡	shi1	
夕	夕	shi1	
適	适	shi1	
啓	启	shi3	
啟	启	shi3	
唘	启	shi3	
启	启	shi3	
洗	洗	shi3	
徙	徙	shi3	
璽	玺	shi3	
杞	杞	shi3	
起	起	shi3	
豈	岂	shi3	
喜	喜	shi3	
嬉	嬉	shi3	
蟢	蟢	shi3	〜子
世	世	shi4	
勢	势	shi4	
細	细	shi4	
戲	戏	shi4	
棄	弃	shi4	
什	什	shi4	〜物
齊	齐	zhi1	
騎	骑	zhi1	
遲	迟	zhi1	
奇	奇	zhi1	
岐	岐	zhi1	
池	池	zhi1	
馳	驰	zhi1	
鰭	鳍	zhi1	
持	持	zhi1	
祈	祈	zhi1	
其	其	zhi1	
棋	棋	zhi1	
棊	棋	zhi1	
碁	棋	zhi1	
期	期	zhi1	時〜
旗	旗	zhi1	
十	十	zhi1	
集	集	zhi1	
及	及	zhi1	
拾	拾	zhi1	〜起來
侄	侄	zhi1	
日	日	zhi1	
疾	疾	zhi1	
直	直	zhi1	
值	值	zhi1	
植	植	zhi1	
殖	殖	zhi1	
席	席	zhi1	
籍	籍	zhi1	
藉	藉	zhi1	
極	极	zhi1	
石	石	zhi1	
寂	寂	zhi1	
滯	滞	zhi4	
逝	逝	zhi4	
誓	誓	zhi4	
企	企	zhi4	
妓	妓	zhi4	
技	技	zhi4	
徛	徛	zhi4	立
治	治	zhi4	
忌	忌	zhi4	
屐	屐	zhi4	木〜
稚	稚	zhi4	幼～
雉	雉	zhi4	～雞
衣	衣	yi1	
依	依	yi1	
益	益	yi1	
縊	缢	yi1	
醫	医	yi1	
伊	伊	yi1	
譯	译	yi1	
一	一	yi1	
抑	抑	yi1	
亦	亦	yi1	
揖	揖	yi1	作〜
移	移	yi2	
蟻	蚁	yi2	
儀	仪	yi2	
夷	夷	yi2	
姨	姨	yi2	
遺	遗	yi2	
逸	逸	yi2	
飴	饴	yi2	高梁〜
已	已	yi3	
以	以	yi3	
矣	矣	yi3	
倚	倚	yi3	
椅	椅	yi3	
瞖	瞖	yi5	
藝	艺	yi5	
刈	刈	yi5	
冀	冀	yi5	
翼	翼	yi5	
義	义	yi5	
議	议	yi5	
意	意	yi5	
毅	毅	yi5	
異	异	yi5	
憶	忆	yi5	
億	亿	yi5	
易	易	yi5	交〜；難〜
肄	肄	yi5	〜業
逼	逼	pie1	
憋	憋	pie1	
鱉	鳖	pie1	
撇	撇	phie1	～開；～按
別	别	bie2	區～；離〜
别	别	bie2	區～；離〜
滅	灭	mie2	
蔑	蔑	mie2	竹～
爹	爹	tie1	
跌	跌	tie1	
鐵	铁	thie1	
貼	贴	thie1	
帖	帖	thie1	碑〜；請〜
疊	叠	die2	
碟	碟	die2	
牒	牒	die2	
蝶	蝶	die2	
諜	谍	die2	
業	业	nie1	
孽	孽	nie1	
捏	捏	nie1	
聶	聂	nie1	姓
鑷	镊	nie1	〜子
躡	蹑	nie1	〜步
獵	猎	lie1	
劣	劣	lie1	
列	列	lie1	
烈	烈	lie1	
裂	裂	lie1	
劫	劫	cie1	
接	接	cie1	
哲	哲	cie1	
揭	揭	cie1	
潔	洁	cie1	
結	结	cie1	
節	节	cie1	
炙	炙	cie1	
遮	遮	cie1	
蔗	蔗	cie1	
摺	折	cie1	～疊
褶	褶	cie1	～子，皺紋
螫	螫	cie1	蠍子～人
折	折	cie1	～斷
姐	姐	cie3	
者	者	cie3	
借	借	cie4	
妾	妾	chie1	
轍	辙	chie1	
撤	撤	chie1	
切	切	chie1	〜開
徹	彻	chie1	
車	车	chie1	馬〜
怯	怯	chie1	畏～
且	且	chie3	
扯	扯	chie3	
笡	笡	chie4	
斜	斜	chie4	
些	些	shie1	
奢	奢	shie1	
佘	佘	shie1	姓
賒	赊	shie1	
脅	胁	shie1	
協	协	shie1	
涉	涉	shie1	
攝	摄	shie1	
設	设	shie1	
泄	泄	shie1	～漏
蠍	蝎	shie1	
曳	曳	shie1	拖
歇	歇	shie1	
楔	楔	shie1	～子
屑	屑	shie1	木〜；不～
寫	写	shie3	
惹	惹	shie3	
舍	舍	shie3	～不得
瀉	泻	shie4	
卸	卸	shie4	
赦	赦	shie4	
舍	舍	shie4	宿〜
斜	斜	zhie1	
邪	邪	zhie1	
蛇	蛇	zhie1	
捷	捷	zhie1	
熱	热	zhie1	
舌	舌	zhie1	
傑	杰	zhie1	
截	截	zhie1	
謝	谢	zhie4	
射	射	zhie4	
麝	麝	zhie4	〜香
社	社	zhie4	
頁	页	ye1	
乙	乙	ye1	
腋	腋	ye1	
液	液	ye1	
耶	耶	ye1	
噎	噎	ye1	〜住了
爺	爷	ye2	
葉	叶	ye2	
野	野	ye3	
也	也	ye3	～是；者〜
夜	夜	ye4	
加	加	cia1	
嘉	嘉	cia1	
茄	茄	cia1	～子
痂	痂	cia1	
家	家	cia1	
佳	佳	cia1	
夾	夹	cia1	
甲	甲	cia1	
胛	胛	cia1	肩～
匣	匣	cia1	箱～
賈	贾	cia3	姓
假	假	cia3	真～；放〜
稼	稼	cia4	
嫁	嫁	cia4	
價	价	cia4	
架	架	cia4	
駕	驾	cia4	
洽	洽	chia1	
峽	峡	shia1	
瞎	瞎	shia1	
轄	辖	shia1	管～
蝦	虾	shia1	魚～
廈	厦	shia4	大～
狹	狭	zhia1	
暇	暇	zhia1	
遐	遐	zhia1	
瑕	瑕	zhia1	
霞	霞	zhia1	
蛤	蛤	zhia1	～蟆
夏	夏	zhia5	姓；春〜
廈	厦	zhia5	〜門
下	下	zhia5	～降；底～
壓	压	ya1	
押	押	ya1	
鴨	鸭	ya1	
鴉	鸦	ya1	
丫	丫	ya1	～頭；～杈
衙	衙	ya2	
牙	牙	ya2	
芽	芽	ya2	
雅	雅	ya3	
啞	哑	ya3	
亞	亚	ya4	
略	略	lio1	
虐	虐	lio1	
瘧	疟	lio1	～疾
掠	掠	lio3	
爵	爵	cio1	
角	角	cio1	
腳	脚	cio1	
酌	酌	cio1	
覺	觉	cio1	知～
着	着	cio1	～衣；睡～；附〜
確	确	chio1	
卻	却	chio1	
却	却	chio1	
鵲	鹊	chio1	喜〜
雀	雀	chio1	麻〜
削	削	shio1	
芍	芍	shio1	〜藥花
學	学	zhio2	
嚼	嚼	zhio2	
弱	弱	zhio2	
若	若	zhio2	
勺	勺	zhio2	～子
躍	跃	yo1	
約	约	yo1	
嶽	岳	yo2	
藥	药	yo2	
鑰	钥	yo2	～匙
樂	乐	yo2	音〜
埃	埃	yai2	塵〜
捱	捱	yai2	〜打；～罵
崖	崖	yai2	山〜
涯	涯	yai2	天〜
標	标	piao1	
彪	彪	piao1	
膘	膘	piao1	肥～
表	表	piao3	～格；鍾～
漂	漂	phiao1	
飄	飘	phiao1	
鰾	鳔	phiao1	魚〜
票	票	phiao4	
漂	漂	phiao4	〜亮
瓢	瓢	biao2	
嫖	嫖	biao2	〜賭
苗	苗	miao2	
描	描	miao2	
貓	猫	miao2	～腰
渺	渺	miao3	
秒	秒	miao3	
藐	藐	miao3	
杳	杳	miao3	〜無音信
妙	妙	miao5	
廟	庙	miao5	
刁	刁	tiao1	
雕	雕	tiao1	
貂	貂	tiao1	
吊	吊	tiao4	
掉	掉	tiao4	
釣	钓	tiao4	
挑	挑	thiao1	
跳	跳	thiao4	
糶	粜	thiao4	
條	条	diao2	
調	调	diao2	～和
調	调	diao5	～動；音～
鳥	鸟	niao3	
尿	尿	niao5	
療	疗	liao2	
燎	燎	liao2	
聊	聊	liao2	
寥	寥	liao2	
遼	辽	liao2	
撩	撩	liao2	〜撥
了	了	liao3	～結
瞭	瞭	liao3	〜望
料	料	liao3	
廖	廖	liao3	姓
椒	椒	ciao1	
交	交	ciao1	
郊	郊	ciao1	
膠	胶	ciao1	
胶	胶	ciao1	
焦	焦	ciao1	
蕉	蕉	ciao1	芭〜
澆	浇	ciao1	
驕	骄	ciao1	
嬌	娇	ciao1	
昭	昭	ciao1	
招	招	ciao1	
朝	朝	ciao1	今～
剿	剿	ciao3	
攪	搅	ciao3	
絞	绞	ciao3	
鉸	铰	ciao3	
較	较	ciao3	
狡	狡	ciao3	
餃	饺	ciao3	～子
矯	矫	ciao3	～詐
繳	缴	ciao3	上〜
照	照	ciao4	
詔	诏	ciao4	
叫	叫	ciao4	
校	校	ciao4	〜對
教	教	ciao4	～書；育
鍬	锹	chiao1	
繰	缲	chiao1	〜邊
悄	悄	chiao1	靜〜〜
巧	巧	chiao3	
俏	俏	chiao4	
竅	窍	chiao4	
消	消	shiao1	
宵	宵	shiao1	
霄	霄	shiao1	
銷	销	shiao1	
硝	硝	shiao1	
燒	烧	shiao1	
囂	嚣	shiao1	
枵	枵	shiao1	
蕭	萧	shiao1	
簫	箫	shiao1	
幺	幺	shiao1	〜二三
么	幺	shiao1	〜二三
吆	吆	shiao1	〜喝
曉	晓	shiao3	
擾	扰	shiao3	
小	小	shiao3	
少	少	shiao3	多〜
繞	绕	shiao3	圍～；～線
酵	酵	shiao4	
紹	绍	shiao4	
邵	邵	shiao4	
笑	笑	shiao4	
少	少	shiao4	～年
餚	肴	zhiao2	
淆	淆	zhiao2	
樵	樵	zhiao2	
瞧	瞧	zhiao2	
饒	饶	zhiao2	
僥	侥	zhiao2	〜幸
喬	乔	zhiao2	
蕎	荞	zhiao2	
橋	桥	zhiao2	
僑	侨	zhiao2	
潮	潮	zhiao2	
朝	朝	zhiao2	〜代
韶	韶	zhiao2	～關
轎	轿	zhiao5	
趙	赵	zhiao5	
兆	兆	zhiao5	
召	召	zhiao5	
效	效	zhiao5	
校	校	zhiao5	上～；學～
妖	妖	yao1	
邀	邀	yao1	
要	要	yao1	～求
腰	腰	yao1	
姚	姚	yao2	
窯	窑	yao2	
謠	谣	yao2	
搖	摇	yao2	
堯	尧	yao2	
橈	桡	yao2	
舀	舀	yao3	～水
耀	耀	yao4	
要	要	yao4	想～
鷂	鹞	yao4	～鷹
丟	丢	tiu1	
牛	牛	niu2	
扭	扭	niu3	
紐	纽	niu3	
謬	谬	niu5	
餾	馏	liu1	
溜	溜	liu1	
劉	刘	liu2	
流	流	liu2	
琉	琉	liu2	〜璃
硫	硫	liu2	〜黃
留	留	liu2	
榴	榴	liu2	石〜
柳	柳	liu3	
周	周	ciu1	
週	周	ciu1	
舟	舟	ciu1	
州	州	ciu1	
洲	洲	ciu1	
九	九	ciu3	
酒	酒	ciu3	
肘	肘	ciu3	
久	久	ciu3	
鳩	鸠	ciu3	
糾	纠	ciu3	～纏；～正
韭	韭	ciu3	
帚	帚	ciu3	
晝	昼	ciu4	
咎	咎	ciu4	
咒	咒	ciu4	
救	救	ciu4	
究	究	ciu4	
灸	灸	ciu4	針～
抽	抽	chiu1	
丘	丘	chiu1	
秋	秋	chiu1	～千；～天
揪	揪	chiu1	
醜	丑	chiu3	
丑	丑	chiu3	
臭	臭	chiu4	香～
羞	羞	shiu1	
修	修	shiu1	
休	休	shiu1	
朽	朽	shiu3	
秀	秀	shiu3	
繡	绣	shiu3	
鏽	锈	shiu3	鐵～
嗅	嗅	shiu3	～覺
稠	稠	zhiu2	
綢	绸	zhiu2	
囚	囚	zhiu2	
泅	泅	zhiu2	游水
籌	筹	zhiu2	
揉	揉	zhiu2	
柔	柔	zhiu2	
求	求	zhiu2	
球	球	zhiu2	
酬	酬	zhiu2	
仇	仇	zhiu2	
就	就	zhiu5	
袖	袖	zhiu5	
宙	宙	zhiu5	
柩	柩	zhiu5	
紂	纣	zhiu5	
舊	旧	zhiu5	
受	受	zhiu5	
授	授	zhiu5	
臼	臼	zhiu5	
舅	舅	zhiu5	
售	售	zhiu5	
壽	寿	zhiu5	
優	优	you1	
憂	忧	you1	
幽	幽	you1	
悠	悠	you1	
由	由	you2	
油	油	you2	
郵	邮	you2	
鼬	鼬	you2	黃～
遊	游	you2	
游	游	you2	
尤	尤	you2	
猶	犹	you2	
有	有	you3	
友	友	you3	
酉	酉	you3	
誘	诱	you3	
莠	莠	you3	
幼	幼	you4	
右	右	you5	
佑	佑	you5	
又	又	you5	
柚	柚	you5	
釉	釉	you5	
鞭	鞭	pian1	
邊	边	pian1	
貶	贬	pian3	
扁	扁	pian3	
蝙	蝙	pian3	
匾	匾	pian3	
變	变	pian4	
偏	偏	phian1	
編	编	phian1	
篇	篇	phian1	
片	片	phian4	
騙	骗	phian4	欺～
遍	遍	phian4	〜地；一～
汴	汴	bian5	
辯	辩	bian5	
辨	辨	bian5	
辮	辫	bian5	
便	便	bian5	方～；～宜
眠	眠	mian2	
棉	棉	mian2	
綿	绵	mian2	
緬	缅	mian3	
免	免	mian3	
勉	勉	mian3	
面	面	mian4	～孔
麪	面	mian4	～粉
麫	面	mian4	～粉
麵	面	mian4	～粉
麺	面	mian4	～粉
顛	颠	tian1	
點	点	tian3	
典	典	tian3	
店	店	tian4	
掂	掂	tian4	
天	天	thian1	
添	添	thian1	
添	添	thian3	
掭	掭	thian4	～筆
甜	甜	dian1	
田	田	dian1	
填	填	dian1	
佃	佃	dian5	
電	电	dian5	
奠	奠	dian5	
殿	殿	dian5	
簟	簟	dian5	
墊	垫	dian5	〜錢
嚴	严	nian2	
年	年	nian2	
碾	碾	nian3	
研	研	nian3	
輦	辇	nian3	
攆	撵	nian3	
儼	俨	nian3	〜然
捻	捻	nian3	以指〜碎
硯	砚	nian5	
念	念	nian5	
諺	谚	nian5	
驗	验	nian5	
殮	殓	nian5	
斂	敛	nian5	
釅	酽	nian5	〜茶
簾	帘	lian1	
聯	联	lian1	
連	连	lian1	
蓮	莲	lian1	
憐	怜	lian1	
廉	廉	lian1	
鐮	镰	lian1	
鮎	鲇	lian1	〜魚
臉	脸	lian3	
戀	恋	lian5	
煉	炼	lian5	
練	练	lian5	
楝	楝	lian5	〜樹
瞻	瞻	cian1	
尖	尖	cian1	
占	占	cian1	〜卜
沾	沾	cian1	
粘	粘	cian1	〜貼
拈	拈	cian1	〜起來
兼	兼	cian1	
搛	搛	cian1	～菜
檢	检	cian3	
簡	简	cian3	
襉	裥	cian3	
鐗	锏	cian3	車〜
柬	柬	cian3	
揀	拣	cian3	
剪	剪	cian3	
展	展	cian3	
趼	趼	cian3	
繭	茧	cian3	
筧	笕	cian3	
劍	剑	cian4	
建	建	cian4	
腱	腱	cian4	
健	健	cian4	
鍵	键	cian4	
犍	犍	cian4	〜子
佔	占	cian4	〜領
戰	战	cian4	
薦	荐	cian4	
顫	颤	cian4	
箭	箭	cian4	
見	见	cian4	
餞	饯	cian4	〜行
濺	溅	cian4	〜一身水
籤	签	chian1	
箋	笺	chian1	
千	千	chian1	
遷	迁	chian1	
殲	歼	chian1	～滅
謙	谦	chian1	
虔	虔	chian1	
牽	牵	chian1	
淺	浅	chian3	
遣	遣	chian3	
欠	欠	chian4	
歉	歉	chian4	
仙	仙	shian1	
先	先	shian1	
掀	掀	shian1	
冉	冉	shian3	
染	染	shian3	
險	险	shian3	
閃	闪	shian3	
顯	显	shian3	
陝	陕	shian3	〜西
扇	扇	shian4	
羨	羡	shian4	
線	线	shian4	
獻	献	shian4	
現	现	shian4	
憲	宪	shian4	
鉗	钳	zhian1	
潛	潜	zhian1	
嫌	嫌	zhian1	
纏	缠	zhian1	
然	然	zhian1	
燃	燃	zhian1	
錢	钱	zhian1	
賢	贤	zhian1	
前	前	zhian1	
蟬	蝉	zhian1	
禪	禅	zhian1	〜宗；〜讓
乾	乾	zhian1	
儉	俭	zhian5	
踐	践	zhian5	
賤	贱	zhian5	
膳	膳	zhian5	
件	件	zhian5	
善	善	zhian5	
煙	烟	yan1	
醃	腌	yan1	
閹	阉	yan1	
焉	焉	yan1	心不在〜
蔫	蔫	yan1	
鹽	盐	yan2	
閻	阎	yan2	
炎	炎	yan2	
延	延	yan2	
筵	筵	yan2	
涎	涎	yan2	
言	言	yan2	
檐	檐	yan2	
蟾	蟾	yan2	〜酥
演	演	yan3	
魘	魇	yan3	
淹	淹	yan3	
掩	掩	yan3	
豔	艳	yan4	
焰	焰	yan4	
厭	厌	yan4	
展	展	yan4	
酒	酒	yan4	～宴
咽	咽	yan4	
堰	堰	yan4	
燕	燕	yan4	～子；～京；姓
娘	娘	niang2	
仰	仰	niang3	
兩	两	niang3	～個
釀	酿	niang5	
輛	辆	niang5	
粱	粱	liang2	
樑	梁	liang2	
涼	凉	liang2	
良	良	liang2	
糧	粮	liang2	
量	量	liang2	～長短
兩	两	liang3	幾〜幾錢
亮	亮	liang5	
諒	谅	liang5	
量	量	liang5	數～
張	张	ciang1	
樟	樟	ciang1	
章	章	ciang1	
薑	姜	ciang1	生〜
姜	姜	ciang1	姓
羌	羌	ciang1	
將	将	ciang1	〜來
漿	浆	ciang1	
疆	疆	ciang1	
僵	僵	ciang1	
繮	缰	ciang1	
礓	礓	ciang1	〜石
江	江	ciang1	
豇	豇	ciang1	〜豆
掌	掌	ciang3	
槳	桨	ciang3	
蔣	蒋	ciang3	
長	长	ciang3	生〜
漲	涨	ciang3	
障	障	ciang4	保〜
瘴	瘴	ciang4	〜氣
帳	帐	ciang4	
脹	胀	ciang4	
賬	账	ciang4	
獎	奖	ciang4	
醬	酱	ciang4	
將	将	ciang4	大〜
降	降	ciang4	下～
腔	腔	chiang1	
昌	昌	chiang1	
菖	菖	chiang1	～蒲
廠	厂	chiang3	
搶	抢	chiang3	
強	强	chiang3	勉～；倔～
强	强	chiang3	勉～；倔～
暢	畅	chiang4	
唱	唱	chiang4	
倡	倡	chiang4	提～
相	相	shiang1	～互
箱	箱	shiang1	
湘	湘	shiang1	
廂	厢	shiang1	
襄	襄	shiang1	
嚷	嚷	shiang1	
鄉	乡	shiang1	
香	香	shiang1	
傷	伤	shiang1	
商	商	shiang1	
想	想	shiang3	
享	享	shiang3	
響	响	shiang3	
晌	晌	shiang3	～午
餉	饷	shiang3	
賞	赏	shiang3	
壤	壤	shiang3	土〜
向	向	shiang4	
相	相	shiang4	～貌
常	常	zhiang1	
裳	裳	zhiang1	衣〜
嘗	尝	zhiang1	
償	偿	zhiang1	
詳	详	zhiang1	
祥	祥	zhiang1	
牆	墙	zhiang1	
場	场	zhiang1	
腸	肠	zhiang1	
長	长	zhiang1	〜短
降	降	zhiang1	投～
丈	丈	zhiang5	
仗	仗	zhiang5	
杖	杖	zhiang5	
匠	匠	zhiang5	
象	象	zhiang5	
像	像	zhiang5	
橡	橡	zhiang5	〜樹
尚	尚	zhiang5	
上	上	zhiang5	〜山；～面
攘	攘	zhiang5	
鑲	镶	zhiang5	
瓤	瓤	zhiang5	瓜〜
央	央	yang1	
秧	秧	yang1	
殃	殃	yang1	
羊	羊	yang2	
洋	洋	yang2	
烊	烊	yang2	融化
楊	杨	yang2	
陽	阳	yang2	
揚	扬	yang2	
瘍	疡	yang2	潰〜
螢	萤	yang2	
養	养	yang3	
癢	痒	yang3	
樣	样	yang5	
彬	彬	pin1	
冰	冰	pin1	
兵	兵	pin1	
賓	宾	pin1	
鬢	鬓	pin1	
檳	槟	pin1	～榔
蓖	蓖	pin1	～麻
稟	禀	pin3	
秉	秉	pin3	
餅	饼	pin3	
丙	丙	pin3	
柄	柄	pin3	
並	并	pin4	
姘	姘	pin4	～頭
殯	殡	pin4	
品	品	phin3	
聘	聘	phin4	
拼	拼	phin4	
貧	贫	bin2	
憑	凭	bin2	
平	平	bin2	
評	评	bin2	
坪	坪	bin2	
萍	萍	bin2	
瓶	瓶	bin2	
屏	屏	bin2	圍〜
頻	频	bin2	〜繁
病	病	bin5	
民	民	min2	
憫	悯	min2	
鳴	鸣	min2	
名	名	min2	
銘	铭	min2	
明	明	min2	
盟	盟	min2	
閩	闽	min2	〜越
敏	敏	min3	
抿	抿	min3	
皿	皿	min3	
命	命	min5	
丁	丁	tin1	
疔	疔	tin1	
釘	钉	tin1	鐵〜
靪	靪	tin1	補鞋底
頂	顶	tin3	
鼎	鼎	tin3	
訂	订	tin4	～約
釘	钉	tin4	〜住
廳	厅	thin1	
汀	汀	thin1	
挺	挺	thin3	
艇	艇	thin3	
聽	听	thin4	～任；～見
亭	亭	din1	
停	停	din1	
廷	廷	din1	
庭	庭	din1	
蜓	蜓	din1	蜻〜
定	定	din5	
錠	锭	din5	
佞	佞	nin1	
吝	吝	nin1	〜嗇
臨	临	lin1	
林	林	lin1	
淋	淋	lin1	～溼
憐	憐	lin1	
鱗	鱗	lin1	
鄰	邻	lin1	
鈴	铃	lin1	
翔	翔	lin1	
伶	伶	lin1	
鈴	铃	lin1	
零	零	lin1	
陵	陵	lin1	
凌	凌	lin1	
安	安	lin1	
靈	灵	lin1	
寧	宁	lin1	～可；安～
檁	檩	lin3	
嶺	岭	lin3	
領	领	lin3	
令	令	lin4	
另	另	lin4	
賃	赁	lin4	租〜
針	针	cin1	
金	金	cin1	
斟	斟	cin1	
今	今	cin1	
妗	妗	cin1	
巾	巾	cin1	
津	津	cin1	
珍	珍	cin1	
真	真	cin1	
斤	斤	cin1	
筋	筋	cin1	
蒸	蒸	cin1	
徵	征	cin1	〜求
正	正	cin1	〜月
莖	茎	cin1	
經	经	cin1	〜濟；〜緯
鯨	鲸	cin1	
驚	惊	cin1	
京	京	cin1	
精	精	cin1	
睛	睛	cin1	眼〜
晶	晶	cin1	
擎	擎	cin1	
荊	荆	cin1	
貞	贞	cin1	
偵	侦	cin1	
錦	锦	cin3	
枕	枕	cin3	
診	诊	cin3	
疹	疹	cin3	
趁	趁	cin3	
振	振	cin3	
震	震	cin3	
緊	紧	cin3	
僅	仅	cin3	
謹	谨	cin3	
盡	尽	cin3	〜前
拯	拯	cin3	〜救
井	井	cin3	
警	警	cin3	
景	景	cin3	
整	整	cin3	
頸	颈	cin3	
鎮	镇	cin4	
晉	晋	cin4	
進	进	cin4	
正	正	cin4	〜確
證	证	cin4	
症	症	cin4	
政	政	cin4	
競	竞	cin4	
竟	竟	cin4	
鏡	镜	cin4	
境	境	cin4	
敬	敬	cin4	
徑	径	cin4	
勁	劲	cin4	～敵；有〜
浸	浸	cin4	
禁	禁	cin4	～止；〜不住
欽	钦	chin1	
親	亲	chin1	
青	青	chin1	
清	清	chin1	
蜻	蜻	chin1	〜蜓
卿	卿	chin1	
稱	称	chin1	～呼；～重量
輕	轻	chin1	年～；～重
請	请	chin3	
侵	侵	chin4	
寢	寝	chin4	
慶	庆	chin4	
親	亲	chin4	～家
稱	称	chin4	相～
秤	秤	chin4	〜杆
磬	磬	chin4	鍾〜
深	深	shin1	
心	心	shin1	
申	申	shin1	
伸	伸	shin1	
身	身	shin1	
辛	辛	shin1	
新	新	shin1	
薪	薪	shin1	
欣	欣	shin1	
升	升	shin1	
星	星	shin1	
腥	腥	shin1	
聲	声	shin1	
馨	馨	shin1	
興	兴	shin1	〜旺
沈	沈	shin3	
忍	忍	shin3	
審	审	shin3	
嬸	婶	shin3	
醒	醒	shin3	
信	信	shin4	
訊	讯	shin4	
迅	迅	shin4	
聖	圣	shin4	
姓	姓	shin4	
性	性	shin4	
勝	胜	shin4	～敗；～任
興	兴	shin4	高～
釁	衅	shin4	挑～
琴	琴	zhin1	
壬	壬	zhin1	
尋	寻	zhin1	
禽	禽	zhin1	
擒	擒	zhin1	
沉	沉	zhin1	
秦	秦	zhin1	
陳	陈	zhin1	
塵	尘	zhin1	
晨	晨	zhin1	
臣	臣	zhin1	
人	人	zhin1	
神	神	zhin1	
仁	仁	zhin1	
辰	辰	zhin1	
娠	娠	zhin1	
勤	勤	zhin1	
芹	芹	zhin1	
脣	唇	zhin1	
澄	澄	zhin1	
晴	晴	zhin1	
情	情	zhin1	
承	承	zhin1	
丞	丞	zhin1	
形	形	zhin1	
刑	刑	zhin1	
成	成	zhin1	
誠	诚	zhin1	
城	城	zhin1	
呈	呈	zhin1	
程	程	zhin1	
逞	逞	zhin1	〜能
型	型	zhin1	
行	行	zhin1	〜爲；品〜
認	认	zhin5	
盡	尽	zhin5	
陣	阵	zhin5	
近	近	zhin5	
幸	幸	zhin5	
靖	靖	zhin5	
淨	净	zhin5	
靜	静	zhin5	
鄭	郑	zhin5	
音	音	yin1	
陰	阴	yin1	
蔭	荫	yin1	
因	因	yin1	
洇	洇	yin1	
姻	姻	yin1	
殷	殷	yin1	
嬰	婴	yin1	
櫻	樱	yin1	〜桃
鸚	鹦	yin1	〜鵡
纓	缨	yin1	
英	英	yin1	
鶯	莺	yin1	
鷹	鹰	yin1	
淫	淫	yin2	
吟	吟	yin2	
寅	寅	yin2	
銀	银	yin2	
迎	迎	yin2	
盈	盈	yin2	
營	营	yin2	
瑩	莹	yin2	
贏	赢	yin2	
隱	隐	yin3	
引	引	yin3	
影	影	yin3	
穎	颖	yin3	
飲	饮	yin3	～料；～酒；〜馬
印	印	yin4	
映	映	yin4	
應	应	yin4	〜當；〜用；響～；對～
兄	兄	shiong1	
兇	凶	shiong1	～惡
凶	凶	shiong1	吉～
迥	迥	shiong3	～然不同
戎	戎	zhiong2	
絨	绒	zhiong2	
窮	穷	zhiong2	
熊	熊	zhiong2	
雄	雄	zhiong2	
茸	茸	zhiong2	蔘～
癰	痈	yong1	
雍	雍	yong1	
榮	荣	yong2	
融	融	yong2	
容	容	yong2	
熔	熔	yong2	
蓉	蓉	yong2	芙～
冗	冗	yong2	～長
庸	庸	yong2	
𣭲	𣭲	yong2	～毛
甬	甬	yong3	～道
擁	拥	yong3	
勇	勇	yong3	
涌	涌	yong3	
不	不	pu1	
補	补	pu3	
布	布	pu4	
怖	怖	pu4	恐～
卜	卜	phu1	
訃	讣	phu1	
樸	朴	phu1	
僕	仆	phu1	〜倒；～人
撲	扑	phu1	
瀑	瀑	phu1	
曝	曝	phu1	
醭	醭	phu1	
鋪	铺	phu1	～設
普	普	phu3	
譜	谱	phu3	
甫	甫	phu3	
脯	脯	phu3	
浦	浦	phu3	
輔	辅	phu3	
鋪	铺	phu4	店～
捕	捕	phu5	
蒲	蒲	bu1	
菩	菩	bu1	〜薩
步	步	bu5	
簿	簿	bu5	
部	部	bu5	
木	木	mu2	
穆	穆	mu2	
目	目	mu2	
吳	吴	mu2	
蜈	蜈	mu2	～蚣
吾	吾	mu2	
梧	梧	mu2	〜桐
母	母	mu3	
拇	拇	mu3	
牧	牧	mu5	
悟	悟	mu5	
暮	暮	mu5	
募	募	mu5	
墓	墓	mu5	
慕	慕	mu5	
幕	幕	mu5	
督	督	tu1	
篤	笃	tu1	
都	都	tu1	〜城；〜是
賭	赌	tu3	
堵	堵	tu3	
肚	肚	tu3	豬〜
妒	妒	tu4	
突	突	thu1	
禿	秃	thu1	
土	土	thu3	
兔	兔	thu4	
吐	吐	thu4	嘔〜；〜痰
塗	涂	du2	
途	途	du2	
屠	屠	du2	
圖	图	du2	
徒	徒	du2	
獨	独	du2	
毒	毒	du2	
讀	读	du2	
犢	犊	du2	牛〜子
杜	杜	du5	
度	度	du5	
鍍	镀	du5	
渡	渡	du5	
踱	踱	du5	
肚	肚	du5	腹〜
奴	奴	nu2	
努	努	nu3	
怒	怒	nu5	
錄	录	lu1	
祿	禄	lu1	
綠	绿	lu1	
六	六	lu1	
陸	陆	lu1	
鹿	鹿	lu1	
盧	卢	lu1	
廬	庐	lu1	～山；茅〜
蘆	芦	lu1	～葦
爐	炉	lu1	
驢	驴	lu1	
鸕	鸬	lu1	～鶿
虜	虏	lu3	
滷	卤	lu3	
鹵	卤	lu3	
魯	鲁	lu3	
櫓	橹	lu3	
賂	赂	lu5	
路	路	lu5	
露	露	lu5	
鷺	鹭	lu5	〜鷥
租	租	tsu1	
粥	粥	tsu1	
築	筑	tsu1	
竹	竹	tsu1	
足	足	tsu1	
燭	烛	tsu1	
祝	祝	tsu1	
卒	卒	tsu1	兵〜
祖	祖	tsu3	
組	组	tsu3	
阻	阻	tsu3	
粗	粗	tshu1	
初	初	tshu1	
雛	雏	tshu1	
觸	触	tshu1	
促	促	tshu1	
猝	猝	tshu1	倉〜
畜	畜	tshu1	～牲；〜牧
楚	楚	tshu3	
礎	础	tshu3	
醋	醋	tshu4	
措	措	tshu4	～置
酥	酥	su1	
蘇	苏	su1	
速	速	su1	
肅	肃	su1	
俗	俗	su1	
宿	宿	su1	〜舍；星～
粟	粟	su1	
叔	叔	su1	
淑	淑	su1	
縮	缩	su1	
束	束	su1	
梳	梳	su1	〜頭
疏	疏	su1	注〜；～遠
蔬	蔬	su1	
續	续	su2	
數	数	su3	動詞
塑	塑	su4	〜像
素	素	su4	
訴	诉	su4	
數	数	su4	名詞
漱	漱	su4	～口
鋤	锄	zu1	
族	族	zu1	
贖	赎	zu1	
續	续	zu1	
屬	属	zu1	
囑	嘱	zu1	
肉	肉	zu1	
辱	辱	zu1	
褥	褥	zu1	
軸	轴	zu1	
贖	赎	zu1	
逐	逐	zu1	
蜀	蜀	zu1	
熟	熟	zu1	煮～；～悉
助	助	zu5	
箍	箍	ku1	
孤	孤	ku1	
姑	姑	ku1	
骨	骨	ku1	
谷	谷	ku1	山〜
穀	谷	ku1	稻〜
股	股	ku3	
鼓	鼓	ku3	
古	古	ku3	
牯	牯	ku3	
估	估	ku3	～計
䀇	䀇	ku3	
僱	雇	ku4	
顧	顾	ku4	
故	故	ku4	
固	固	ku4	
錮	锢	ku4	〜露鍋
枯	枯	khu1	
哭	哭	khu1	
酷	酷	khu1	
窟	窟	khu1	〜隆
苦	苦	khu3	
庫	库	khu4	
褲	裤	khu4	
呼	呼	hu1	
赴	赴	hu1	
敷	敷	hu1	
復	复	hu1	～興；〜原；～習
腹	腹	hu1	
福	福	hu1	
蝠	蝠	hu1	蝙～
夫	夫	hu1	
伕	夫	hu1	
麩	麸	hu1	麥～
俘	俘	hu1	～虜
虎	虎	hu1	
孵	孵	hu1	～雞
膚	肤	hu1	
符	符	hu2	
扶	扶	hu2	
芙	芙	hu2	～蓉
無	无	hu2	
巫	巫	hu2	
誣	诬	hu2	
佛	佛	hu2	神～
伏	伏	hu2	
栿	栿	hu2	樑
服	服	hu2	
虎	虎	hu3	
侮	侮	hu3	
撫	抚	hu3	
舞	舞	hu3	
府	府	hu3	
腑	腑	hu3	
斧	斧	hu3	
釜	釜	hu3	
腐	腐	hu3	
滸	浒	hu3	水～
傅	傅	hu4	
賦	赋	hu4	
付	付	hu4	
附	附	hu4	
戽	戽	hu4	〜水
幅	幅	hu4	
副	副	hu4	
富	富	hu4	
父	父	hu5	
戊	戊	hu5	
務	务	hu5	
霧	雾	hu5	
誤	误	hu5	
埠	埠	hu5	商〜
壺	壶	ghu2	
胡	胡	ghu2	〜子；姓
葫	葫	ghu2	〜蘆
乎	乎	ghu2	
狐	狐	ghu2	
湖	湖	ghu2	
斛	斛	ghu2	
戶	户	ghu5	
滬	沪	ghu5	
互	互	ghu5	
護	护	ghu5	
瓠	瓠	ghu5	～瓜
污	污	wu1	
烏	乌	wu1	
塢	坞	wu1	
屋	屋	wu1	
沃	沃	wu1	
午	午	wu3	
五	五	wu3	
伍	伍	wu3	
武	武	wu3	
鵡	鹉	wu3	鸚〜
握	握	wu4	
惡	恶	wu4	可～
國	国	kue1	
勿	勿	hue1	
刎	刎	hue1	
吻	吻	hue1	
忽	忽	hue1	
劃	划	hue1	
獲	获	hue1	
活	活	ghue2	
或	或	ghue2	
惑	惑	ghue2	
抓	抓	tsua1	
刷	刷	sua1	
涮	涮	sua1	〜洗
耍	耍	sua3	
瓜	瓜	kua1	
刮	刮	kua1	
括	括	kua1	包〜
聒	聒	kua1	〜耳朵
寡	寡	kua3	
剮	剐	kua3	
卦	卦	kua4	
掛	挂	kua4	
誇	夸	khua1	
跨	跨	khua1	
垮	垮	khua3	
花	花	hua1	
法	法	hua1	方～
發	发	hua1	〜生；頭～
化	化	hua4	
滑	滑	ghua1	
滑	滑	ghua1	狡〜
華	华	ghua1	〜山；中〜
鏵	铧	ghua1	
樺	桦	ghua1	〜樹
畫	画	ghua5	
話	话	ghua5	
窪	洼	wa1	
蛙	蛙	wa1	
挖	挖	wa1	
瓦	瓦	wa3	～解
窩	窝	wo1	
倭	倭	wo1	
踒	踒	wo1	〜了腳
阿	阿	wo1	～膠
蝸	蜗	wo1	
惡	恶	wo1	善〜
堆	堆	tui1	
碓	碓	tui4	
對	对	tui4	
推	推	thui1	
退	退	thui4	
隊	队	dui4	
墜	坠	dui4	
兌	兑	dui4	
兑	兑	dui4	
銳	锐	dui4	
蛻	蜕	dui4	蟬〜
追	追	tsui1	
錐	锥	tsui1	
嘴	嘴	tsui3	
最	最	tsui4	
贅	赘	tsui4	
醉	醉	tsui4	
綴	缀	tsui4	點〜
吹	吹	tshui1	
炊	炊	tshui1	
崔	崔	tshui1	姓
催	催	tshui1	
脆	脆	tshui4	
翠	翠	tshui4	
粹	粹	tshui4	純〜
雖	虽	sui1	
綏	绥	sui1	
水	水	sui3	
髓	髓	sui3	
碎	碎	sui4	
稅	税	sui4	
歲	岁	sui4	
遂	遂	sui4	
隧	隧	sui4	〜道
誰	谁	zui1	
隨	随	zui1	
垂	垂	zui1	
錘	锤	zui1	
槌	槌	zui1	
罪	罪	zui5	
睡	睡	zui5	
瑞	瑞	zui5	
圭	圭	kui1	
閨	闺	kui1	
逵	逵	kui1	
規	规	kui1	
葵	葵	kui1	
歸	归	kui1	
龜	龟	kui1	
鬼	鬼	kui3	
軌	轨	kui3	
詭	诡	kui3	
癸	癸	kui3	
貴	贵	kui4	
桂	桂	kui4	
鱖	鳜	kui4	～魚
盔	盔	khui1	
奎	奎	khui1	
魁	魁	khui1	
窺	窥	khui1	
虧	亏	khui1	
跪	跪	khui3	
愧	愧	khui3	
灰	灰	hui1	
恢	恢	hui1	
徽	徽	hui1	
輝	辉	hui1	
揮	挥	hui1	
危	危	hui2	
悔	悔	hui3	
賄	贿	hui4	
晦	晦	hui4	
慧	慧	hui4	
諱	讳	hui4	
穗	穗	hui5	
僞	伪	hui5	
回	回	ghui1	
茴	茴	ghui1	〜香
爲	为	ghui1	作〜；～什麼
為	为	ghui1	作〜；～什麼
違	违	ghui1	
圍	围	ghui1	
惠	惠	ghui5	
匯	汇	ghui5	
衛	卫	ghui5	
畏	畏	ghui5	
位	位	ghui5	
櫃	柜	ghui5	
魏	魏	ghui5	
胃	胃	ghui5	
謂	谓	ghui5	
蝟	蝟	ghui5	
會	会	ghui5	開〜；～不～
潰	溃	ghui5	～膿
檜	桧	ghui5	
繪	绘	ghui5	
煨	煨	wei1	
穢	秽	wei1	
威	威	wei1	
委	委	wei3	
萎	萎	wei3	
緯	纬	wei3	
偉	伟	wei3	
葦	苇	wei3	蘆〜
喂	喂	wei4	
餵	喂	wei4	
慰	慰	wei4	
喘	喘	tshuai3	
端	端	tshuai3	～度
衰	衰	suai1	
摔	摔	suai1	
灑	洒	suai3	
帥	帅	suai4	
疝	疝	suai4	〜氣
乖	乖	kuai1	
拐	拐	kuai3	〜棍
怪	怪	kuai4	
塊	块	khuai3	
劊	刽	khuai3	
蒯	蒯	khuai3	
會	会	khuai3	〜計
傀	傀	khuai3	～儡
快	快	khuai4	
筷	筷	khuai4	
懷	怀	ghuai2	
槐	槐	ghuai2	
淮	淮	ghuai2	
桅	桅	ghuai2	
壞	坏	ghuai5	
歪	歪	wai1	
外	外	wai5	
端	端	tuan1	
短	短	tuan3	
鍛	锻	tuan4	〜煉
團	团	duan2	
疃	疃	duan2	
段	段	duan5	
鍛	锻	duan5	
鍛	锻	duan5	
斷	断	duan5	決〜；～絕
暖	暖	nuan2	
鸞	鸾	luan2	
亂	乱	luan5	
鑽	钻	tsuan1	動詞
鑽	钻	tsuan4	木工用具
竄	窜	tshuan1	
篆	篆	tshuan4	
氽	氽	tshuan4	〜丸子
纂	纂	tshuan4	編～
酸	酸	suan1	
閂	闩	suan1	
拴	拴	suan1	
算	算	suan4	
蒜	蒜	suan4	
關	关	kuan1	
官	官	kuan1	
棺	棺	kuan1	
冠	冠	kuan1	衣〜
觀	观	kuan1	參～
鰥	鳏	kuan1	〜寡
館	馆	kuan3	
管	管	kuan3	
慣	惯	kuan3	
灌	灌	kuan4	
罐	罐	kuan4	
貫	贯	kuan4	
冠	冠	kuan4	～軍
觀	观	kuan4	寺～
寬	宽	khuan1	
款	款	khuan3	
皖	皖	khuan3	
歡	欢	huan1	
緩	缓	huan3	
喚	唤	huan4	
完	完	ghuan1	
桓	桓	ghuan1	
環	环	ghuan1	
還	还	ghuan1	〜原
玩	玩	ghuan1	古～；遊～
頑	顽	ghuan1	～固
宦	宦	ghuan5	
煥	焕	ghuan5	
換	换	ghuan5	
患	患	ghuan5	
幻	幻	ghuan5	
彎	弯	wan1	
灣	湾	wan1	
挽	挽	wan3	
娩	娩	wan3	分〜
宛	宛	wan3	
腕	腕	wan3	
碗	碗	wan3	
剜	剜	wan3	
豌	豌	wan3	〜豆
裝	装	tsuang1	
莊	庄	tsuang1	
壯	壮	tsuang4	
瘡	疮	tshuang1	
窗	窗	tshuang1	
闖	闯	tshuang3	
撞	撞	tshuang3	
創	创	tshuang4	
篡	篡	tshuang4	
雙	双	suang1	
霜	霜	suang1	
孀	孀	suang1	
爽	爽	suang3	
牀	床	zuang1	
床	床	zuang1	
賺	赚	zuang4	
狀	状	zuang4	
撰	撰	zuang4	
光	光	kuang1	
狂	狂	kuang1	
逛	逛	kuang1	
廣	广	kuang3	
匡	匡	khuang1	
筐	筐	khuang1	
眶	眶	khuang1	眼〜
曠	旷	khuang4	
礦	矿	khuang4	
況	况	khuang4	
荒	荒	huang1	
慌	慌	huang1	
方	方	huang1	
芳	芳	huang1	
妨	妨	huang1	〜害
反	反	huang3	
謊	谎	huang3	
輞	辋	huang3	
晃	晃	huang3	〜眼
網	网	huang3	
仿	仿	huang3	〜佛；相似；〜效
紡	纺	huang3	
訪	访	huang3	
肪	肪	huang3	脂〜
放	放	huang4	
王	王	ghuang2	
黃	黄	ghuang2	
黄	黄	ghuang2	
簧	簧	ghuang2	
皇	皇	ghuang2	
蝗	蝗	ghuang2	
汪	汪	wang1	一～水
晚	晚	wang3	
枉	枉	wang3	
往	往	wang3	
飯	饭	wang5	
萬	万	wang5	
旺	旺	wang5	興～；火～
滾	滚	kun3	
滚	滚	kun3	
棍	棍	kun4	
坤	坤	khun1	
昆	昆	khun1	～明
崑	昆	khun1	～崙
捆	捆	khun3	
困	困	khun4	
昏	昏	hun1	
婚	婚	hun1	
葷	荤	hun1	
分	分	hun1	～開
芬	芬	hun1	
紛	纷	hun1	
粉	粉	hun3	
糞	粪	hun4	
奮	奋	hun4	
憤	愤	hun5	
忿	忿	hun5	
魂	魂	ghun2	
餛	馄	ghun2	～飩
渾	浑	ghun2	〜濁
橫	横	ghun2	～直；蠻～
昆	昆	ghun5	相〜；〜沌
溫	温	wen1	
痕	痕	wen1	
穩	稳	wen3	
女	女	nyu3	
豬	猪	cu1	
諸	诸	cu1	
朱	朱	cu1	
蛛	蛛	cu1	
誅	诛	cu1	
株	株	cu1	
硃	硃	cu1	
珠	珠	cu1	
居	居	cu1	
橘	橘	cu1	
菊	菊	cu1	
掬	掬	cu1	
車	车	cu1	～馬炮
煮	煮	cu3	
舉	举	cu3	
主	主	cu3	
著	著	cu4	顯〜
箸	箸	cu4	筷子
蛀	蛀	cu4	
注	注	cu4	～釋
駐	驻	cu4	
鑄	铸	cu4	
駒	驹	cu4	
句	句	cu4	
鋸	锯	cu4	
據	据	cu4	
劇	剧	cu4	～烈；戲〜
拒	拒	cu4	
矩	矩	cu4	規～
拘	拘	cu4	
樞	枢	chu1	
驅	驱	chu1	
區	区	chu1	〜域
蛆	蛆	chu1	生～
趨	趋	chu1	
出	出	chu1	
屈	屈	chu1	
曲	曲	chu1	折〜；歌～
麴	麹	chu1	酒〜
麯	曲	chu1	酒〜
取	取	chu3	
拄	拄	chu3	〜柺杖
處	处	chu3	相〜；〜所
趣	趣	chu4	
去	去	chu4	來～；～皮
舒	舒	shu1	
書	书	shu1	
輸	输	shu1	運～；〜贏
戍	戍	shu1	
戌	戌	shu1	
墟	墟	shu1	吹～
墟	墟	shu1	～市
虛	虚	shu1	
籲	吁	shu1	長～短嘆
需	需	shu1	
須	须	shu1	胡～ ；必～
蓄	蓄	shu1	儲〜
如	如	shu2	
徐	徐	shu2	
除	除	shu2	
許	许	shu3	
杵	杵	shu3	
乳	乳	shu3	
汝	汝	shu3	
黍	黍	shu3	
鼠	鼠	shu3	
婿	婿	shu3	
暑	暑	shu3	
署	署	shu3	專～
薯	薯	shu3	紅〜
褚	褚	shu3	姓
絮	絮	shu4	
恕	恕	shu4	
庶	庶	shu4	
俱	俱	shu4	
敘	叙	shu5	
緒	绪	shu5	
序	序	shu5	
具	具	shu5	
懼	惧	shu5	
聚	聚	shu5	
娶	娶	shu5	
苧	苎	shu5	〜麻
儲	储	shu5	～蓄
廚	厨	zhu1	
瞿	瞿	zhu1	
渠	渠	zhu1	
儒	儒	zhu1	
殊	殊	zhu1	
人	人	zhu1	
術	术	zhu1	
述	述	zhu1	
秫	秫	zhu1	
局	局	zhu1	
豎	竖	zhu5	
住	住	zhu5	
柱	柱	zhu5	
巨	巨	zhu5	
樹	树	zhu5	
迂	迂	yu1	
浴	浴	yu1	
裕	裕	yu1	
欲	欲	yu1	
淤	淤	yu1	
于	于	yu2	
於	于	yu2	
盂	盂	yu2	
愚	愚	yu2	
娛	娱	yu2	
虞	虞	yu2	
餘	余	yu2	剩〜
余	余	yu2	姓
榆	榆	yu2	
魚	鱼	yu2	
漁	渔	yu2	
率	率	yu2	速～
律	律	yu2	
域	域	yu2	
役	役	yu2	
疫	疫	yu2	
獄	狱	yu2	
鬱	郁	yu2	
育	育	yu2	
呂	吕	yu3	
旅	旅	yu3	
禹	禹	yu3	
語	语	yu3	
雨	雨	yu3	
羽	羽	yu3	
宇	宇	yu3	
與	与	yu3	給～
慮	虑	yu5	
濾	滤	yu5	
御	御	yu5	
愉	愉	yu5	
喻	喻	yu5	
逾	逾	yu5	
譽	誉	yu5	榮〜
預	预	yu5	
豫	豫	yu5	
愈	愈	yu5	病〜
芋	芋	yu5	
遇	遇	yu5	
寓	寓	yu5	
玉	玉	yu5	
決	决	cue1	
掘	掘	cue1	
訣	诀	cue1	
厥	厥	cue1	
倔	倔	cue1	脾氣〜
拙	拙	cue1	
缺	缺	chue1	
靴	靴	shue1	
薛	薛	shue1	
雪	雪	shue1	
血	血	shue1	
說	说	shue1	～話
瘸	瘸	shue2	〜腿
絕	绝	zhue2	
穴	穴	zhue2	
悅	悦	yue1	
閱	阅	yue1	
月	月	yue1	
越	越	yue1	
曰	曰	yue1	
粵	粤	yue1	
飛	飞	shui1	
非	非	shui1	
翡	翡	shui1	〜翠
靡	靡	shui3	
尾	尾	shui3	
匪	匪	shui3	
沛	沛	shui4	
廢	废	shui4	
肺	肺	shui4	
吠	吠	shui4	
費	费	shui4	
專	专	cuan1	
磚	砖	cuan1	
捐	捐	cuan1	
卷	卷	cuan3	〜起
轉	转	cuan3	～眼；～送
眷	眷	cuan4	
絹	绢	cuan4	
卷	卷	cuan4	書～
轉	转	cuan4	～圈
穿	穿	chuan1	
圈	圈	chuan1	圓～
川	川	chuan1	
犬	犬	chuan3	
券	券	chuan4	
勸	劝	chuan4	
串	串	chuan4	
宣	宣	shuan1	
喧	喧	shuan1	
軒	轩	shuan1	
鮮	鲜	shuan1	新～；～少
癬	癣	shuan3	
選	选	shuan3	
阮	阮	shuan3	
楦	楦	shuan4	鞋～
弦	弦	zhuan2	
泉	泉	zhuan2	
全	全	zhuan2	
權	权	zhuan2	
旋	旋	zhuan2	
拳	拳	zhuan2	
玄	玄	zhuan2	
傳	传	zhuan2	〜達
眩	眩	zhuan2	
船	船	zhuan2	
顴	颧	zhuan2	～骨
懸	悬	zhuan2	
軟	软	zhuan3	
漸	渐	zhuan5	
倦	倦	zhuan5	
縣	县	zhuan5	
傳	传	zhuan5	〜記
旋	旋	zhuan5	～喫；～做
鏇	镟	zhuan5	～牀
冤	冤	yuan1	
淵	渊	yuan1	
元	元	yuan2	
園	园	yuan2	
緣	缘	yuan2	
椽	椽	yuan2	
袁	袁	yuan2	
轅	辕	yuan2	
鉛	铅	yuan2	
沿	沿	yuan2	
原	原	yuan2	
源	源	yuan2	
員	员	yuan2	
圓	圆	yuan2	
丸	丸	yuan2	肉～
援	援	yuan2	～救
遠	远	yuan3	
兗	兖	yuan3	
怨	怨	yuan4	
院	院	yuan5	
願	愿	yuan5	
軍	军	cun1	
君	君	cun1	
均	均	cun1	
鈞	钧	cun1	
準	准	cun3	
窘	窘	cun3	
傾	倾	chun1	
蠢	蠢	chun3	
頃	顷	chun3	～刻；百畝
薰	熏	shun1	
薰	薰	shun1	
勳	勋	shun1	
訓	训	shun4	
裙	裙	zhun2	
羣	群	zhun2	
群	群	zhun2	
純	纯	zhun2	
蓴	莼	zhun2	〜菜
乘	乘	zhun2	
繩	绳	zhun2	
蠅	蝇	zhun2	
仍	仍	zhun2	
扔	扔	zhun2	
瓊	琼	zhun2	
醇	醇	zhun2	酒味〜
甚	甚	zhun5	
葚	葚	zhun5	桑〜
刃	刃	zhun5	
韌	韧	zhun5	
慎	慎	zhun5	
腎	肾	zhun5	
菌	菌	zhun5	
郡	郡	zhun5	
順	顺	zhun5	
閏	闰	zhun5	
潤	润	zhun5	
孕	孕	zhun5	
剩	剩	zhun5	
盛	盛	zhun5	興～；～飯
任	任	zhun5	責〜
紉	纫	zhun5	縫～
勻	匀	yun1	
雲	云	yun1	〜彩
云	云	yun1	子曰詩〜
尹	尹	yun3	
允	允	yun3	
永	永	yun3	
運	运	yun5	
暈	晕	yun5	
韻	韵	yun5	
樊	樊	yun5	
詠	咏	yun5	
泳	泳	yun5	
